Workbook

Sheet 4_5_Filter_Sort
A1: Data Selection & Manipulation: Click the drop-down arrows on row 4 to Filter & Sort (like loc/sort_values). Column Q adds dynamic Formulas.
A4: Patient_ID | B4: Name | C4: Age | D4: Gender | E4: Blood_Group | F4: Department | G4: Diagnosis | H4: Admission_Date | I4: Discharge_Date | J4: Length_of_Stay | K4: Bed_Number | L4: Doctor | M4: Treatment_Cost_INR | N4: Insurance_Covered | O4: Outcome | P4: Readmitted_Within_30_Days | Q4: Cost_USD (Formula)
A5: HOS-00001 | B5: Aarav Mehta | C5: 3 | D5: Male | E5: A+ | F5: Pediatrics | G5: Asthma | H5: 2025-11-23 | I5: 2025-11-24 | J5: 1 | K5: PED-024 | L5: Dr. Kapoor | M5: 45646 | N5: Yes | O5: Referred | P5: Yes | Q5: =M5/83 -> 549.95181
A6: HOS-00002 | B6: Vijay Saxena | C6: 74 | D6: Male | E6: A+ | F6: Cardiology | G6: Hypertension | H6: 2025-12-19 | I6: 2026-01-03 | J6: 15 | K6: CAR-035 | L6: Dr. Sharma | M6: 479922 | N6: Yes | O6: Improved | P6: No | Q6: =M6/83 -> 5782.1928
A7: HOS-00003 | B7: Amit Nair | C7: 61 | D7: Male | E7: O+ | F7: General Medicine | G7: Diabetes | H7: 2024-04-14 | I7: 2024-04-19 | J7: 5 | K7: GEN-006 | L7: Dr. Mishra | M7: 80996 | N7: Yes | O7: Improved | P7: No | Q7: =M7/83 -> 975.85542
A8: HOS-00004 | B8: Sunita Gupta | C8: 27 | D8: Female | E8: A+ | F8: Gynecology | G8: Normal Delivery | H8: 2025-10-05 | I8: 2025-10-07 | J8: 2 | K8: GYN-020 | L8: Dr. Patil | M8: 79866 | N8: Yes | O8: Recovered | P8: Yes | Q8: =M8/83 -> 962.24096
A9: HOS-00005 | B9: Ananya Joshi | C9: 76 | D9: Female | E9: O+ | F9: Orthopedics | G9: Spinal Injury | H9: 2025-10-12 | I9: 2025-10-13 | J9: 1 | K9: ORT-024 | L9: Dr. Singh | M9: 11805 | N9: Yes | O9: Recovered | P9: No | Q9: =M9/83 -> 142.22892
A10: HOS-00006 | B10: Deepak Kumar | C10: 77 | D10: Male | E10: O+ | F10: Pulmonology | G10: Tuberculosis | H10: 2025-01-23 | I10: 2025-01-24 | J10: 1 | K10: PUL-009 | L10: Dr. Menon | M10: 39554 | N10: No | O10: Recovered | P10: No | Q10: =M10/83 -> 476.55422
A11: HOS-00007 | B11: Ayaan Patel | C11: 38 | D11: Male | E11: O- | F11: Oncology | G11: Liver Cancer | H11: 2025-08-03 | I11: 2025-08-04 | J11: 1 | K11: ONC-029 | L11: Dr. Bose | M11: 45639 | N11: Yes | O11: Unchanged | P11: No | Q11: =M11/83 -> 549.86747
A12: HOS-00008 | B12: Isha Mehta | C12: 67 | D12: Female | E12: AB- | F12: Neurology | G12: Epilepsy | H12: 2024-09-26 | I12: 2024-10-08 | J12: 12 | K12: NEU-024 | L12: Dr. Iyer | M12: 569244 | N12: No | O12: Referred | P12: No | Q12: =M12/83 -> 6858.3614
A13: HOS-00009 | B13: Vijay Deshmukh | C13: 37 | D13: Male | E13: B+ | F13: Orthopedics | G13: Fracture | H13: 2025-10-04 | I13: 2025-10-10 | J13: 6 | K13: ORT-011 | L13: Dr. Gupta | M13: 212261 | N13: No | O13: Recovered | P13: No | Q13: =M13/83 -> 2557.3614
A14: HOS-00010 | B14: Divya Mehta | C14: 32 | D14: Female | E14: B+ | F14: Pulmonology | G14: COPD | H14: 2025-11-29 | I14: 2025-12-05 | J14: 6 | K14: PUL-018 | L14: Dr. Nambiar | M14: 119935 | N14: No | O14: Improved | P14: Yes | Q14: =M14/83 -> 1445
A15: HOS-00011 | B15: Aadhya Mehta | C15: 31 | D15: Female | E15: O+ | F15: Pulmonology | G15: Tuberculosis | H15: 2025-10-02 | I15: 2025-10-03 | J15: 1 | K15: PUL-010 | L15: Dr. Nambiar | M15: 39499 | N15: Yes | O15: Recovered | P15: No | Q15: =M15/83 -> 475.89157
A16: HOS-00012 | B16: Deepak Nair | C16: 64 | D16: Male | E16: B+ | F16: Emergency | G16: Road Accident | H16: 2024-11-10 | I16: 2024-11-17 | J16: 7 | K16: EME-016 | L16: Dr. Tiwari | M16: 61572 | N16: Yes | O16: Recovered | P16: No | Q16: =M16/83 -> 741.83133
... A504: HOS-00500 | B504: Neha Kumar | C504: 44 | D504: Female | E504: O+ | F504: Gynecology | G504: Fibroids | H504: 2025-08-24 | I504: 2025-09-05 | J504: 12 | K504: GYN-020 | L504: Dr. Deshmukh | M504: 190256 | N504: Yes | O504: Improved | P504: No | Q504: =M504/83 -> 2292.241

Sheet Lookup_Table
A1: Department | B1: Head_Doctor
A2: Cardiology | B2: Dr. Sharma
A3: Emergency | B3: Dr. Tiwari
A4: Neurology | B4: Dr. Rao
A5: Pediatrics | B5: Dr. Kapoor
A6: General Medicine | B6: Dr. Mishra
A7: Oncology | B7: Dr. Chatterjee
A8: Gynecology | B8: Dr. Deshmukh
A9: Pulmonology | B9: Dr. Menon
A10: Orthopedics | B10: Dr. Gupta

Sheet 7_8_Merge_Transform
A1: Merging (VLOOKUP) & Transformation (IF): Check Columns F & H for live formulas equivalent to merge() and apply()
A4: Patient_ID | B4: Name | C4: Age | D4: Department | E4: Length_of_Stay | F4: Head_Doctor (VLOOKUP) | G4: Age Group (IF)
A5: HOS-00001 | B5: Aarav Mehta | C5: 3 | D5: Pediatrics | E5: 1 | F5: =VLOOKUP(D5, Lookup_Table!$A$2:$B$10, 2, FALSE) -> Dr. Kapoor | G5: =IF(C5<18,"Child", IF(C5<60,"Adult","Senior")) -> Child
A6: HOS-00002 | B6: Vijay Saxena | C6: 74 | D6: Cardiology | E6: 15 | F6: =VLOOKUP(D6, Lookup_Table!$A$2:$B$10, 2, FALSE) -> Dr. Sharma | G6: =IF(C6<18,"Child", IF(C6<60,"Adult","Senior")) -> Senior
A7: HOS-00003 | B7: Amit Nair | C7: 61 | D7: General Medicine | E7: 5 | F7: =VLOOKUP(D7, Lookup_Table!$A$2:$B$10, 2, FALSE) -> Dr. Mishra | G7: =IF(C7<18,"Child", IF(C7<60,"Adult","Senior")) -> Senior
A8: HOS-00004 | B8: Sunita Gupta | C8: 27 | D8: Gynecology | E8: 2 | F8: =VLOOKUP(D8, Lookup_Table!$A$2:$B$10, 2, FALSE) -> Dr. Deshmukh | G8: =IF(C8<18,"Child", IF(C8<60,"Adult","Senior")) -> Adult
A9: HOS-00005 | B9: Ananya Joshi | C9: 76 | D9: Orthopedics | E9: 1 | F9: =VLOOKUP(D9, Lookup_Table!$A$2:$B$10, 2, FALSE) -> Dr. Gupta | G9: =IF(C9<18,"Child", IF(C9<60,"Adult","Senior")) -> Senior
A10: HOS-00006 | B10: Deepak Kumar | C10: 77 | D10: Pulmonology | E10: 1 | F10: =VLOOKUP(D10, Lookup_Table!$A$2:$B$10, 2, FALSE) -> Dr. Menon | G10: =IF(C10<18,"Child", IF(C10<60,"Adult","Senior")) -> Senior
A11: HOS-00007 | B11: Ayaan Patel | C11: 38 | D11: Oncology | E11: 1 | F11: =VLOOKUP(D11, Lookup_Table!$A$2:$B$10, 2, FALSE) -> Dr. Chatterjee | G11: =IF(C11<18,"Child", IF(C11<60,"Adult","Senior")) -> Adult
A12: HOS-00008 | B12: Isha Mehta | C12: 67 | D12: Neurology | E12: 12 | F12: =VLOOKUP(D12, Lookup_Table!$A$2:$B$10, 2, FALSE) -> Dr. Rao | G12: =IF(C12<18,"Child", IF(C12<60,"Adult","Senior")) -> Senior
A13: HOS-00009 | B13: Vijay Deshmukh | C13: 37 | D13: Orthopedics | E13: 6 | F13: =VLOOKUP(D13, Lookup_Table!$A$2:$B$10, 2, FALSE) -> Dr. Gupta | G13: =IF(C13<18,"Child", IF(C13<60,"Adult","Senior")) -> Adult
A14: HOS-00010 | B14: Divya Mehta | C14: 32 | D14: Pulmonology | E14: 6 | F14: =VLOOKUP(D14, Lookup_Table!$A$2:$B$10, 2, FALSE) -> Dr. Menon | G14: =IF(C14<18,"Child", IF(C14<60,"Adult","Senior")) -> Adult
A15: HOS-00011 | B15: Aadhya Mehta | C15: 31 | D15: Pulmonology | E15: 1 | F15: =VLOOKUP(D15, Lookup_Table!$A$2:$B$10, 2, FALSE) -> Dr. Menon | G15: =IF(C15<18,"Child", IF(C15<60,"Adult","Senior")) -> Adult
A16: HOS-00012 | B16: Deepak Nair | C16: 64 | D16: Emergency | E16: 7 | F16: =VLOOKUP(D16, Lookup_Table!$A$2:$B$10, 2, FALSE) -> Dr. Tiwari | G16: =IF(C16<18,"Child", IF(C16<60,"Adult","Senior")) -> Senior
... A504: HOS-00500 | B504: Neha Kumar | C504: 44 | D504: Gynecology | E504: 12 | F504: =VLOOKUP(D504, Lookup_Table!$A$2:$B$10, 2, FALSE) -> Dr. Deshmukh | G504: =IF(C504<18,"Child", IF(C504<60,"Adult","Senior")) -> Adult

Sheet 6_9_Chart_Aggregate
A1: Aggregation & Visualization: We pre-aggregated Dept counts (groupby equivalent) and charted it natively in Excel.
B5: Department | C5: Count
B6: Gynecology | C6: 252
B7: Neurology | C7: 249
B8: Cardiology | C8: 238
B9: Orthopedics | C9: 236
B10: Oncology | C10: 217
B11: Pulmonology | C11: 209
B12: Emergency | C12: 207
B13: Pediatrics | C13: 197
B14: General Medicine | C14: 195
